id,nombre,foto
1,ACHACOLLO TOLA NEMESIA,achacollo_tola_nemesia.jpg
2,AGUILAR GOMEZ ROBERTO IVAN,aguilar_gomez_roberto_ivan.jpg
3,AGUIRRE LEDEZMA NOEL RICARDO,insaurralde.jpg
4,ARCE CATACORA LUIS ALBERTO,arce_catacora_luis_alberto.jpg
5,ARCE ZACONETA HECTOR ENRIQUE,insaurralde.jpg
6,ARISMENDI CHUMACERO ELIZABETH,arismendi_chumacero_elizabeth.jpg
7,AVALOS CORTEZ SAUL,insaurralde.jpg
8,AYLLON DE RODRIGUEZ CECILIA LUISA,insaurralde.jpg
9,CACERES RODRIGUEZ VICTOR,insaurralde.jpg
10,CAJIAS DE LA VEGA MARIA MAGDALENA,insaurralde.jpg
11,CALVIMONTES CAMARGO JUAN CARLOS,insaurralde.jpg
12,CAMPERO NAVA ARIANA,campero_nava_ariana.jpg
13,CANELAS ALURRALDE IVAN JORGE,insaurralde.jpg
14,CARO HINOJOSA ELBA VIVIANA,caro_hinojosa_elba_viviana.jpg
15,CHACÓN RENDÓN MARÍA CECILIA,insaurralde.jpg
16,CHAVEZ SERRANO WILFREDO FRANZ DAVID,insaurralde.jpg
17,CHIPANA CALLISAYA CALIXTO,insaurralde.jpg
18,CHOQUEHUANCA CESPEDES DAVID,choquehuanca_cespedes_david.jpg
19,CLAROS HINOJOSA MILTON,claros_hinojosa_milton.jpg
20,COCA ANTEZANA OSCAR,coca_antezana_oscar.jpg
21,COPA CONDORI NILDA,copa_condori_nilda.jpg
22,DALENCE SALINAS JOSE GUILLERMO,insaurralde.jpg
23,DAVILA TORRES AMANDA,insaurralde.jpg
24,DELGADILLO TERCEROS WALTER JUVENAL,delgadillo_terceros_walter_juvenal.jpg
25,ECHAZU ALVARADO LUIS ALBERTO,insaurralde.jpg
26,FERREIRA JUSTINIANO REYMI LUIS,insaurralde.jpg
27,GALVEZ MAMANI SANTIAGO ALEX,galvez_mamani_santiago_alex.jpg
28,GARCÍA LINERA ALVARO MARCELO,garcia_linera_alvaro_marcelo.jpg
29,GOMEZ MAMANI MILTON,gomez_mamani_milton.jpg
30,GROUX CANEDO PABLO CESAR,groux_canedo_pablo_cesar.jpg
31,GUTIERREZ PEREZ JOSE LUIS,insaurralde.jpg
32,GUTIERREZ SALAZAR ELIZABETH SANDRA,insaurralde.jpg
33,HEREDIA MIRANDA NILA EFIGENIA,heredia_miranda_nila_efigenia.jpg
34,HURTADO MERCADO ANGEL GONZALO JAVIER,insaurralde.jpg
35,LEDEZMA CORNEJO JORGE,ledezma_cornejo_jorge.jpg
36,LLORENTTY SOLIZ SACHA SERGIO,llorentty_soliz_sacha_sergio.jpg
37,MACHICAO BANKOVIC MARKO MARCELO,insaurralde.jpg
38,MAMANI MARCA ABEL PEDRO,mamani_marca_abel_pedro.jpg
39,MENACHO DIEDERICH PABLO,insaurralde.jpg
40,MERCADO SUAREZ JERGES,insaurralde.jpg
41,MOLDIZ MERCADO JOSE HUGO,moldiz_mercado_jose_hugo.jpg
42,MONJE VILLA JULIETA MABEL,insaurralde.jpg
43,MORALES AYMA JUAN EVO,morales_ayma_juan_evo.jpg
44,MORALES OLIVERA ANA TERESA,insaurralde.jpg
45,MOREIRA LOPEZ MARIA ALEXANDRA,moreira_lopez_maria_alexandra.jpg
46,MUÑOZ ALA ALICIA,munoz_ala_alicia.jpg
47,NAVARRO MIRANDA FÉLIX CÉSAR,navarro_miranda_felix_cesar.jpg
48,ORELLANA HALKYER RENE GONZALO,orellana_halkyer_rene_gonzalo.jpg
49,PACO DURAN MARIANELA,paco_duran_marianela.jpg
50,PATZI PACO FELIX,patzi_paco_felix.jpg
51,PEÑA CLAROS CLAUDIA STACY,insaurralde.jpg
52,PEREZ VALENZUELA JORGE,insaurralde.jpg
53,PIMENTEL CASTILLO JOSE ANTONIO,insaurralde.jpg
54,POLO ANDRADE SONIA,polo_andrade_sonia.jpg
55,QUINTANA TABORGA JUAN RAMON,quintana_taborga_juan_ramon.jpg
56,QUISPE QUENTA FELIPE,insaurralde.jpg
57,RADA VELEZ ALFREDO OCTAVIO,insaurralde.jpg
58,RAMOS MORALES ANA VERONICA,ramos_morales_ana_veronica.jpg
59,RAMOS SANCHEZ JULIA DAMIANA,insaurralde.jpg
60,RIC RIERA SALVADOR,ric_riera_salvador.jpg
61,RIVERO GUZMAN SUSANA,insaurralde.jpg
62,ROCABADO TUBERT MARIA CECILIA,insaurralde.jpg
63,RODRIGUEZ MEDRANO ANTONIA,rodriguez_medrano_antonia.jpg
64,RODRIGUEZ ROMERO CASIMIRA,rodriguez_romero_casimira.jpg
65,ROJAS GUTIERREZ FELIX,insaurralde.jpg
66,ROMERO BONIFAZ CARLOS GUSTAVO,romero_bonifaz_carlos_gustavo.jpg
67,SAAVEDRA SOTO RUBEN ALDO,saavedra_soto_ruben_aldo.jpg
68,SALGUERO CARRILLO ELIZABETH CRISTINA,insaurralde.jpg
69,SALVATIERRA GUTIÉRREZ HUGO,salvatierra_gutierrez_hugo.jpg
70,SAN MIGUEL RODRIGUEZ WALKER SIXTO,san_miguel_rodriguez_walker_sixto.jpg
71,SANCHEZ ESCOBAR ARTURO VLADIMIR,insaurralde.jpg
72,SANCHEZ FERNANDEZ LUIS ALBERTO,sanchez_fernandez_luis_alberto.jpg
73,SANTALLA TORREZ DANIEL,insaurralde.jpg
74,SELUM RIVERO WALTER HAROLD,insaurralde.jpg
75,SILES NUÑEZ DEL PRADO HUGO JOSE,siles_nunez_del_prado_hugo_jose.jpg
76,SOLIZ RADA ANDRES ANTENOR,soliz_rada_andres_antenor.jpg
77,SOSA LUNDA CELINDA,sosa_lunda_celinda.jpg
78,SOSA SORUCO JUAN JOSE HERNANDO,insaurralde.jpg
79,SUXO ITURRY NARDI ELIZABETH,suxo_iturry_nardi_elizabeth.jpg
80,TAPIA SAINZ JORGE RAMIRO,insaurralde.jpg
81,TORO IBÁÑEZ GRACIELA,insaurralde.jpg
82,TORRICO ROJAS CELIMA,insaurralde.jpg
83,TRIGOSO AGUDO JOSE GONZALO,trigoso_agudo_jose_gonzalo.jpg
84,TRUJILLO CARDENAS CARMEN RUTH,trujillo_cardenas_carmen_ruth.jpg
85,UDAETA VELÁSQUEZ MARÍA ESTHER,udaeta_velasquez_maria_esther.jpg
86,VALDA RIVERA WALTER,insaurralde.jpg
87,VALDIVIA BAUTISTA LENNY TATIANA,valdivia_bautista_lenny_tatiana.jpg
88,VELASCO CONDORI VIRGINIA,velasco_condori_virginia.jpg
89,VILLARROEL MOROCHI WALTER,villarroel_morochi_walter.jpg
90,VILLEGAS QUIROGA CARLOS,villegas_quiroga_carlos.jpg
91,VINCENTI VARGAS LUIS FERNANDO,vincenti_vargas_luis_fernando.jpg
92,VIRREIRA IPORRE MARIO,insaurralde.jpg
93,YUGAR PÁRRAGA ZULMA,yugar_parraga_zulma.jpg
94,ZAMORA GUTIÉRREZ JOSÉ ANTONIO,insaurralde.jpg
95,LOZA TELLERIA RENAN LEOPOLDO GABRIEL,insaurralde.jpg
